Bounce,Time(s)
0,0.1155416667
1,0.8501458333
2,1.4923125
3,2.057208333
4,2.5575625
5,3.0035625
